Background,Dwelling Type ID,Dwelling Type Name,Age ID,Age Name,Gender ID,Gender Name,2012,2013,2014,2015,2016,2017,2018,2019,2020
foreign background,SMAG,one- or two-dwelling buildings -- owner-occupied,0-9,-9 years,1,men,22358,22905,24041,25598,28292,30257,31543,32692,33241
,,,,,2,women,21530,21628,22451,23834,26246,27985,29386,30320,30985
,,,,,4,men and women,43888,44533,46492,49432,54538,58242,60929,63012,64226
,,,010-19,10-19 years,1,men,31039,31495,32657,34214,37439,40269,43089,44094,45293
,,,,,2,women,29599,30441,31731,33250,35675,37608,39503,41289,42913
,,,,,4,men and women,60638,61936,64388,67464,73114,77877,82592,85383,88206
,,,020-29,20-29 years,1,men,24222,25284,26883,28136,30247,31614,33024,35228,35323
,,,,,2,women,23333,23994,25211,26295,28130,28923,29499,29882,29575
,,,,,4,men and women,47555,49278,52094,54431,58377,60537,62523,65110,64898
,,,030-39,30-39 years,1,men,33703,34319,35963,37611,40693,42757,44449,45673,46569
,,,,,2,women,43457,43714,44619,45621,48453,50160,51388,52508,53120
,,,,,4,men and women,77160,78033,80582,83232,89146,92917,95837,98181,99689
,,,040-49,40-49 years,1,men,49428,49774,50629,51472,53850,54907,56708,58363,60193
,,,,,2,women,55125,55891,57212,58484,60958,62330,64063,65556,67250
,,,,,4,men and women,104553,105665,107841,109956,114808,117237,120771,123919,127443
,,,050-59,50-59 years,1,men,40883,42676,44754,46823,49460,51349,53341,54740,56291
,,,,,2,women,42849,44247,45779,47201,49284,50896,52935,54778,56588
,,,,,4,men and women,83732,86923,90533,94024,98744,102245,106276,109518,112879
,,,060-64,60-64 years,1,men,15754,15773,16186,16611,17581,18491,19310,20149,21281
,,,,,2,women,17332,17407,17604,17919,18704,19290,19851,20266,20973
,,,,,4,men and women,33086,33180,33790,34530,36285,37781,39161,40415,42254
,,,065-69,65-69 years,1,men,14044,14494,14739,14958,15040,14998,15112,15598,16016
,,,,,2,women,13907,14693,15542,16060,16308,16266,16344,16507,16835
,,,,,4,men and women,27951,29187,30281,31018,31348,31264,31456,32105,32851
,,,070-79,70-79 years,1,men,18152,18932,19699,20208,21168,21890,22540,22871,23219
,,,,,2,women,16299,16775,17242,17921,19063,20161,21113,21986,22976
,,,,,4,men and women,34451,35707,36941,38129,40231,42051,43653,44857,46195
,,,080+,80+ years,1,men,5402,5746,6144,6635,7151,7711,8295,8922,9552
,,,,,2,women,7298,7561,7968,8245,8616,8976,9317,9794,10065
,,,,,4,men and women,12700,13307,14112,14880,15767,16687,17612,18716,19617
,SMBO,one- or two-dwelling buildings -- tenant-owned,0-9,-9 years,1,men,1691,1765,1878,1952,2158,2257,2522,2744,2956
,,,,,2,women,1688,1748,1833,1964,2136,2229,2489,2653,2829
,,,,,4,men and women,3379,3513,3711,3916,4294,4486,5011,5397,5785
,,,010-19,10-19 years,1,men,2057,2083,2179,2199,2423,2528,2765,2922,3067
,,,,,2,women,1998,1971,2098,2132,2321,2406,2614,2815,3044
,,,,,4,men and women,4055,4054,4277,4331,4744,4934,5379,5737,6111
,,,020-29,20-29 years,1,men,1677,1735,1815,1923,2096,2104,2241,2423,2399
,,,,,2,women,1661,1767,1869,1945,2057,2077,2210,2308,2361
,,,,,4,men and women,3338,3502,3684,3868,4153,4181,4451,4731,4760
,,,030-39,30-39 years,1,men,2528,2609,2758,2879,3128,3386,3745,4002,4299
,,,,,2,women,3073,3168,3321,3485,3718,3861,4302,4609,5012
,,,,,4,men and women,5601,5777,6079,6364,6846,7247,8047,8611,9311
,,,040-49,40-49 years,1,men,2513,2567,2688,2836,3073,3196,3491,3784,4138
,,,,,2,women,3052,3143,3260,3329,3580,3762,4026,4271,4557
,,,,,4,men and women,5565,5710,5948,6165,6653,6958,7517,8055,8695
,,,050-59,50-59 years,1,men,2084,2161,2219,2299,2404,2495,2625,2786,2916
,,,,,2,women,2372,2443,2486,2565,2663,2702,2891,3029,3148
,,,,,4,men and women,4456,4604,4705,4864,5067,5197,5516,5815,6064
,,,060-64,60-64 years,1,men,774,820,853,868,873,929,1001,1010,1102
,,,,,2,women,912,950,1002,1020,1064,1094,1107,1137,1218
,,,,,4,men and women,1686,1770,1855,1888,1937,2023,2108,2147,2320
,,,065-69,65-69 years,1,men,601,660,668,693,740,726,761,807,819
,,,,,2,women,665,707,753,800,835,893,924,953,973
,,,,,4,men and women,1266,1367,1421,1493,1575,1619,1685,1760,1792
,,,070-79,70-79 years,1,men,784,827,853,879,946,1000,1043,1078,1108
,,,,,2,women,880,936,937,974,1050,1092,1160,1207,1298
,,,,,4,men and women,1664,1763,1790,1853,1996,2092,2203,2285,2406
,,,080+,80+ years,1,men,258,262,296,311,338,370,404,437,452
,,,,,2,women,443,461,506,519,544,565,603,625,604
,,,,,4,men and women,701,723,802,830,882,935,1007,1062,1056
,SMHY0,one- or two-dwelling buildings -- rented,0-9,-9 years,1,men,1767,1945,2147,2450,3140,3587,3421,3336,3193
,,,,,2,women,1690,1893,2150,2384,2900,3295,3166,3088,2949
,,,,,4,men and women,3457,3838,4297,4834,6040,6882,6587,6424,6142
,,,010-19,10-19 years,1,men,2594,2775,2962,3311,4008,4863,4861,4544,4437
,,,,,2,women,2203,2398,2531,2818,3251,3857,3873,3957,4000
,,,,,4,men and women,4797,5173,5493,6129,7259,8720,8734,8501,8437
,,,020-29,20-29 years,1,men,1944,2067,2237,2442,3058,3412,3314,3599,3457
,,,,,2,women,1750,1833,1969,2045,2442,2813,2657,2544,2486
,,,,,4,men and women,3694,3900,4206,4487,5500,6225,5971,6143,5943
,,,030-39,30-39 years,1,men,2093,2317,2514,2766,3427,3822,3887,3885,3815
,,,,,2,women,2384,2615,2715,2923,3317,3714,3608,3578,3463
,,,,,4,men and women,4477,4932,5229,5689,6744,7536,7495,7463,7278
,,,040-49,40-49 years,1,men,2307,2392,2466,2730,3163,3633,3559,3715,3853
,,,,,2,women,2535,2652,2751,2889,3159,3522,3432,3411,3545
,,,,,4,men and women,4842,5044,5217,5619,6322,7155,6991,7126,7398
,,,050-59,50-59 years,1,men,1759,1866,1988,2131,2372,2657,2655,2718,2781
,,,,,2,women,1653,1687,1811,1939,2122,2329,2323,2402,2475
,,,,,4,men and women,3412,3553,3799,4070,4494,4986,4978,5120,5256
,,,060-64,60-64 years,1,men,570,568,613,650,701,827,855,854,901
,,,,,2,women,585,577,589,639,700,759,754,781,844
,,,,,4,men and women,1155,1145,1202,1289,1401,1586,1609,1635,1745
,,,065-69,65-69 years,1,men,394,414,451,508,548,616,594,613,639
,,,,,2,women,430,462,493,520,564,589,568,589,612
,,,,,4,men and women,824,876,944,1028,1112,1205,1162,1202,1251
,,,070-79,70-79 years,1,men,543,544,557,592,656,736,734,792,814
,,,,,2,women,671,675,702,716,763,850,822,843,859
,,,,,4,men and women,1214,1219,1259,1308,1419,1586,1556,1635,1673
,,,080+,80+ years,1,men,207,193,216,218,237,259,244,255,305
,,,,,2,women,377,404,428,443,476,517,499,525,540
,,,,,4,men and women,584,597,644,661,713,776,743,780,845
,FBBO,multi-dwelling buildings -- tenant-owned,0-9,-9 years,1,men,13539,14661,15868,17313,18812,20501,22337,24209,24704
,,,,,2,women,13105,13971,15069,16340,17741,19113,20872,22647,23140
,,,,,4,men and women,26644,28632,30937,33653,36553,39614,43209,46856,47844
,,,010-19,10-19 years,1,men,12010,12517,13141,13866,14751,16167,17547,18228,18738
,,,,,2,women,11893,12384,12961,13492,14267,15105,16168,17160,17648
,,,,,4,men and women,23903,24901,26102,27358,29018,31272,33715,35388,36386
,,,020-29,20-29 years,1,men,26094,27326,28920,30541,32508,34677,36871,39492,40096
,,,,,2,women,27666,29049,30359,31923,33956,35965,38006,39931,39764
,,,,,4,men and women,53760,56375,59279,62464,66464,70642,74877,79423,79860
,,,030-39,30-39 years,1,men,32934,35434,38305,41383,44964,48711,53109,57265,59303
,,,,,2,women,32455,34686,37576,40159,42954,46384,50452,54311,56480
,,,,,4,men and women,65389,70120,75881,81542,87918,95095,103561,111576,115783
,,,040-49,40-49 years,1,men,22315,23423,24774,25930,27636,29552,31627,34414,36471
,,,,,2,women,24402,25755,27075,28444,30085,31615,33441,35484,37300
,,,,,4,men and women,46717,49178,51849,54374,57721,61167,65068,69898,73771
,,,050-59,50-59 years,1,men,19320,20158,21181,22063,22899,23480,24597,25520,26119
,,,,,2,women,23949,24710,25682,26437,27566,28440,29585,30636,31297
,,,,,4,men and women,43269,44868,46863,48500,50465,51920,54182,56156,57416
,,,060-64,60-64 years,1,men,8330,8515,8953,9260,9873,10409,10889,11216,11569
,,,,,2,women,10887,11327,11695,12100,12469,13019,13378,13859,14363
,,,,,4,men and women,19217,19842,20648,21360,22342,23428,24267,25075,25932
,,,065-69,65-69 years,1,men,7152,7557,7991,8397,8565,8638,8859,9198,9470
,,,,,2,women,8857,9543,10295,10919,11164,11413,11785,12090,12421
,,,,,4,men and women,16009,17100,18286,19316,19729,20051,20644,21288,21891
,,,070-79,70-79 years,1,men,9832,10362,10868,11308,11874,12499,13051,13603,14011
,,,,,2,women,13425,13709,14080,14540,15293,15926,16643,17545,18339
,,,,,4,men and women,23257,24071,24948,25848,27167,28425,29694,31148,32350
,,,080+,80+ years,1,men,4032,4271,4548,4810,5127,5421,5814,6204,6556
,,,,,2,women,8735,9044,9429,9730,10048,10489,10780,11140,11346
,,,,,4,men and women,12767,13315,13977,14540,15175,15910,16594,17344,17902
,FBHY0,multi-dwelling buildings -- rented,0-9,-9 years,1,men,62003,66816,71442,76508,81049,85795,88960,90943,90101
,,,,,2,women,58544,63319,67739,71883,76392,81251,83964,85889,84966
,,,,,4,men and women,120547,130135,139181,148391,157441,167046,172924,176832,175067
,,,010-19,10-19 years,1,men,57009,60467,64425,68288,73235,78759,83291,84549,84679
,,,,,2,women,53019,56106,58805,62198,65945,69900,73425,76046,77469
,,,,,4,men and women,110028,116573,123230,130486,139180,148659,156716,160595,162148
,,,020-29,20-29 years,1,men,75860,78196,81625,86269,92263,96233,98858,104100,106004
,,,,,2,women,77579,79590,81854,83879,86374,88795,89870,90501,90098
,,,,,4,men and women,153439,157786,163479,170148,178637,185028,188728,194601,196102
,,,030-39,30-39 years,1,men,79814,84453,90476,96309,102530,107667,111698,114150,114882
,,,,,2,women,75852,80258,84658,89067,94095,98917,102998,105823,106148
,,,,,4,men and women,155666,164711,175134,185376,196625,206584,214696,219973,221030
,,,040-49,40-49 years,1,men,60778,62734,65829,69396,72826,76635,79815,82717,85577
,,,,,2,women,60069,62213,64965,67957,70678,74058,76799,79268,81685
,,,,,4,men and women,120847,124947,130794,137353,143504,150693,156614,161985,167262
,,,050-59,50-59 years,1,men,45252,47464,49754,52389,54800,56884,59007,60855,61856
,,,,,2,women,44667,46578,48628,50966,53187,55330,57688,59620,61142
,,,,,4,men and women,89919,94042,98382,103355,107987,112214,116695,120475,122998
,,,060-64,60-64 years,1,men,15223,15894,16844,17690,19045,20204,20990,21741,22943
,,,,,2,women,16555,17040,17917,18564,19731,20744,21488,22332,23387
,,,,,4,men and women,31778,32934,34761,36254,38776,40948,42478,44073,46330
,,,065-69,65-69 years,1,men,11099,11821,12630,13515,14083,14728,15406,16180,16820
,,,,,2,women,12117,13205,14219,15153,15940,16542,17042,17774,18416
,,,,,4,men and women,23216,25026,26849,28668,30023,31270,32448,33954,35236
,,,070-79,70-79 years,1,men,13416,13919,14607,15403,16304,17307,18075,18888,19738
,,,,,2,women,18455,18706,18972,19448,20000,20950,21867,22774,23941
,,,,,4,men and women,31871,32625,33579,34851,36304,38257,39942,41662,43679
,,,080+,80+ years,1,men,4843,5064,5306,5633,5856,6182,6550,7038,7434
,,,,,2,women,11770,11968,12308,12592,12880,13112,13345,13649,13974
,,,,,4,men and women,16613,17032,17614,18225,18736,19294,19895,20687,21408
,SPBO,special housing,0-9,-9 years,1,men,710,786,899,944,1292,1640,1897,1900,1817
,,,,,2,women,696,753,849,920,1151,1533,1755,1792,1637
,,,,,4,men and women,1406,1539,1748,1864,2443,3173,3652,3692,3454
,,,010-19,10-19 years,1,men,756,871,975,983,1344,2033,2500,2093,1789
,,,,,2,women,489,612,739,737,953,1157,1381,1422,1424
,,,,,4,men and women,1245,1483,1714,1720,2297,3190,3881,3515,3213
,,,020-29,20-29 years,1,men,12499,12108,12389,12169,13659,15441,16968,18630,19398
,,,,,2,women,9746,9912,10335,10155,11147,12296,13210,14205,14848
,,,,,4,men and women,22245,22020,22724,22324,24806,27737,30178,32835,34246
,,,030-39,30-39 years,1,men,4985,5546,6125,5831,6757,7696,8149,8644,8789
,,,,,2,women,2551,2899,3217,3124,3631,4177,4735,5078,5402
,,,,,4,men and women,7536,8445,9342,8955,10388,11873,12884,13722,14191
,,,040-49,40-49 years,1,men,1051,1102,1185,1237,1537,1827,1975,2056,2255
,,,,,2,women,612,646,713,742,874,1033,1211,1278,1305
,,,,,4,men and women,1663,1748,1898,1979,2411,2860,3186,3334,3560
,,,050-59,50-59 years,1,men,689,732,786,825,931,1052,1054,1088,1143
,,,,,2,women,429,519,552,586,652,719,775,827,827
,,,,,4,men and women,1118,1251,1338,1411,1583,1771,1829,1915,1970
,,,060-64,60-64 years,1,men,280,299,333,343,361,401,454,467,468
,,,,,2,women,168,197,213,252,280,310,364,370,376
,,,,,4,men and women,448,496,546,595,641,711,818,837,844
,,,065-69,65-69 years,1,men,237,290,327,391,396,439,454,459,479
,,,,,2,women,215,257,289,318,343,352,406,418,421
,,,,,4,men and women,452,547,616,709,739,791,860,877,900
,,,070-79,70-79 years,1,men,657,665,706,772,857,929,957,1014,1043
,,,,,2,women,1011,1058,1144,1191,1229,1234,1279,1307,1333
,,,,,4,men and women,1668,1723,1850,1963,2086,2163,2236,2321,2376
,,,080+,80+ years,1,men,820,874,1012,1050,1144,1211,1235,1327,1225
,,,,,2,women,3219,3380,3700,3961,4197,4164,4177,4171,4002
,,,,,4,men and women,4039,4254,4712,5011,5341,5375,5412,5498,5227
,OB,other housing,0-9,-9 years,1,men,1308,1490,1676,1847,2215,2464,2570,2597,2468
,,,,,2,women,1284,1458,1670,1830,2134,2298,2412,2413,2320
,,,,,4,men and women,2592,2948,3346,3677,4349,4762,4982,5010,4788
,,,010-19,10-19 years,1,men,1431,1642,1793,1947,2292,2636,2747,2608,2420
,,,,,2,women,1298,1484,1597,1727,1976,2190,2382,2448,2334
,,,,,4,men and women,2729,3126,3390,3674,4268,4826,5129,5056,4754
,,,020-29,20-29 years,1,men,2276,2431,2705,2788,3168,3304,3397,3650,3741
,,,,,2,women,2327,2403,2498,2542,2768,2951,3051,3026,2981
,,,,,4,men and women,4603,4834,5203,5330,5936,6255,6448,6676,6722
,,,030-39,30-39 years,1,men,2376,2658,3027,3233,3495,3779,4010,4010,4044
,,,,,2,women,2255,2526,2750,2985,3128,3310,3489,3644,3686
,,,,,4,men and women,4631,5184,5777,6218,6623,7089,7499,7654,7730
,,,040-49,40-49 years,1,men,1801,1912,2069,2196,2433,2566,2693,2757,2812
,,,,,2,women,1905,1974,2092,2154,2385,2604,2730,2762,2749
,,,,,4,men and women,3706,3886,4161,4350,4818,5170,5423,5519,5561
,,,050-59,50-59 years,1,men,1423,1498,1619,1709,1798,1890,1949,2028,2040
,,,,,2,women,1456,1519,1642,1700,1807,1895,1957,2005,2010
,,,,,4,men and women,2879,3017,3261,3409,3605,3785,3906,4033,4050
,,,060-64,60-64 years,1,men,461,505,559,593,660,699,754,733,746
,,,,,2,women,516,533,572,612,655,696,727,763,746
,,,,,4,men and women,977,1038,1131,1205,1315,1395,1481,1496,1492
,,,065-69,65-69 years,1,men,390,415,438,465,470,475,511,562,553
,,,,,2,women,467,498,501,519,567,545,566,608,607
,,,,,4,men and women,857,913,939,984,1037,1020,1077,1170,1160
,,,070-79,70-79 years,1,men,538,551,578,599,664,703,728,751,726
,,,,,2,women,749,744,759,777,829,862,892,915,902
,,,,,4,men and women,1287,1295,1337,1376,1493,1565,1620,1666,1628
,,,080+,80+ years,1,men,252,264,271,278,299,300,316,357,363
,,,,,2,women,644,659,670,671,684,720,726,735,719
,,,,,4,men and women,896,923,941,949,983,1020,1042,1092,1082
swedish background,SMAG,one- or two-dwelling buildings -- owner-occupied,0-9,-9 years,1,men,305102,302477,302518,301919,304641,301121,297518,292031,287920
,,,,,2,women,287567,285242,286183,284981,287095,284363,281013,276024,272118
,,,,,4,men and women,592669,587719,588701,586900,591736,585484,578531,568055,560038
,,,010-19,10-19 years,1,men,313064,307608,304932,304410,310319,314264,318294,322651,326999
,,,,,2,women,291936,285896,283003,282938,288290,291908,295838,299692,303910
,,,,,4,men and women,605000,593504,587935,587348,598609,606172,614132,622343,630909
,,,020-29,20-29 years,1,men,175494,180036,183783,183303,183093,178580,171427,164137,156805
,,,,,2,women,153820,157783,161106,160971,160314,156000,150105,143699,135764
,,,,,4,men and women,329314,337819,344889,344274,343407,334580,321532,307836,292569
,,,030-39,30-39 years,1,men,221325,213601,208229,204720,206172,205455,206411,207459,210433
,,,,,2,women,232132,223764,218009,214045,215623,214824,215672,215618,219158
,,,,,4,men and women,453457,437365,426238,418765,421795,420279,422083,423077,429591
,,,040-49,40-49 years,1,men,342220,339730,336575,329700,324662,315417,306988,300061,294123
,,,,,2,women,322397,320807,317950,312684,308285,300080,292534,287027,281463
,,,,,4,men and women,664617,660537,654525,642384,632947,615497,599522,587088,575586
,,,050-59,50-59 years,1,men,300594,300590,305871,309922,317517,321929,324100,324713,326871
,,,,,2,women,275712,275043,279617,282586,289189,292489,294084,294481,296451
,,,,,4,men and women,576306,575633,585488,592508,606706,614418,618184,619194,623322
,,,060-64,60-64 years,1,men,158173,153049,148226,145328,146158,144792,143178,143005,141218
,,,,,2,women,144367,139387,135108,132698,132731,131708,130264,129422,127972
,,,,,4,men and women,302540,292436,283334,278026,278889,276500,273442,272427,269190
,,,065-69,65-69 years,1,men,167524,167496,164826,159588,154693,149347,144514,139602,136878
,,,,,2,women,149664,150017,148188,143748,139607,134852,130245,125849,123723
,,,,,4,men and women,317188,317513,313014,303336,294300,284199,274759,265451,260601
,,,070-79,70-79 years,1,men,180338,191902,205575,218035,231165,240787,248786,254213,258357
,,,,,2,women,158225,168212,179485,190470,201996,210678,217965,223080,227173
,,,,,4,men and women,338563,360114,385060,408505,433161,451465,466751,477293,485530
,,,080+,80+ years,1,men,75157,76088,77576,79215,82136,84806,87783,92003,95654
,,,,,2,women,75614,75892,76811,77510,79616,81472,83986,87275,90476
,,,,,4,men and women,150771,151980,154387,156725,161752,166278,171769,179278,186130
,SMBO,one- or two-dwelling buildings -- tenant-owned,0-9,-9 years,1,men,12098,12213,12523,12735,13445,13739,14256,14628,15160
,,,,,2,women,11569,11762,11920,12006,12661,12993,13653,13903,14341
,,,,,4,men and women,23667,23975,24443,24741,26106,26732,27909,28531,29501
,,,010-19,10-19 years,1,men,9408,9046,8827,8674,8861,9138,9588,9989,10567
,,,,,2,women,8787,8535,8478,8350,8519,8744,9153,9540,10142
,,,,,4,men and women,18195,17581,17305,17024,17380,17882,18741,19529,20709
,,,020-29,20-29 years,1,men,6873,7114,7195,7214,7363,7186,7086,6895,6631
,,,,,2,women,6883,7120,7102,7182,7310,7317,7306,7117,6766
,,,,,4,men and women,13756,14234,14297,14396,14673,14503,14392,14012,13397
,,,030-39,30-39 years,1,men,9183,8934,8771,8850,9396,9720,10365,10642,11430
,,,,,2,women,9784,9558,9590,9503,10003,10374,10985,11442,12300
,,,,,4,men and women,18967,18492,18361,18353,19399,20094,21350,22084,23730
,,,040-49,40-49 years,1,men,9364,9250,9335,9209,9362,9332,9563,9765,10080
,,,,,2,women,10646,10498,10400,10221,10272,10233,10377,10517,10896
,,,,,4,men and women,20010,19748,19735,19430,19634,19565,19940,20282,20976
,,,050-59,50-59 years,1,men,8527,8416,8480,8399,8587,8693,8776,8712,8862
,,,,,2,women,10082,9941,9914,9872,9987,10048,10245,10288,10462
,,,,,4,men and women,18609,18357,18394,18271,18574,18741,19021,19000,19324
,,,060-64,60-64 years,1,men,4574,4452,4279,4128,4137,4135,4170,4207,4134
,,,,,2,women,5190,5098,5070,4962,5087,5049,5090,4985,4939
,,,,,4,men and women,9764,9550,9349,9090,9224,9184,9260,9192,9073
,,,065-69,65-69 years,1,men,4576,4742,4698,4607,4489,4381,4357,4233,4194
,,,,,2,women,5501,5589,5512,5369,5272,5178,5157,5129,5124
,,,,,4,men and women,10077,10331,10210,9976,9761,9559,9514,9362,9318
,,,070-79,70-79 years,1,men,5730,6043,6416,6782,7242,7504,7847,8060,8412
,,,,,2,women,7302,7633,8094,8527,8952,9322,9677,9958,10269
,,,,,4,men and women,13032,13676,14510,15309,16194,16826,17524,18018,18681
,,,080+,80+ years,1,men,2960,2954,3059,3081,3251,3330,3497,3695,3782
,,,,,2,women,4251,4283,4361,4412,4620,4732,4967,5176,5382
,,,,,4,men and women,7211,7237,7420,7493,7871,8062,8464,8871,9164
,SMHY0,one- or two-dwelling buildings -- rented,0-9,-9 years,1,men,8289,8428,8471,8627,8749,8818,8383,7951,7853
,,,,,2,women,7812,7857,7899,8213,8260,8273,7974,7553,7323
,,,,,4,men and women,16101,16285,16370,16840,17009,17091,16357,15504,15176
,,,010-19,10-19 years,1,men,7752,7401,7250,7287,7298,7384,7550,7574,7748
,,,,,2,women,7372,7035,6873,6755,6751,6905,6980,7070,7261
,,,,,4,men and women,15124,14436,14123,14042,14049,14289,14530,14644,15009
,,,020-29,20-29 years,1,men,7380,7493,7529,7598,7676,7555,7257,6910,6591
,,,,,2,women,7342,7401,7494,7516,7501,7391,6957,6587,6209
,,,,,4,men and women,14722,14894,15023,15114,15177,14946,14214,13497,12800
,,,030-39,30-39 years,1,men,6002,6030,6080,6234,6437,6536,6578,6497,6740
,,,,,2,women,6690,6557,6507,6694,6996,7193,7219,7184,7462
,,,,,4,men and women,12692,12587,12587,12928,13433,13729,13797,13681,14202
,,,040-49,40-49 years,1,men,6955,6793,6557,6544,6423,6249,6108,5969,6002
,,,,,2,women,8126,7895,7601,7437,7301,7038,6902,6807,6705
,,,,,4,men and women,15081,14688,14158,13981,13724,13287,13010,12776,12707
,,,050-59,50-59 years,1,men,6514,6387,6562,6727,6990,7074,6949,6858,6901
,,,,,2,women,7156,7135,7357,7564,7767,7851,7849,7739,7739
,,,,,4,men and women,13670,13522,13919,14291,14757,14925,14798,14597,14640
,,,060-64,60-64 years,1,men,3409,3315,3145,3079,3238,3234,3174,3177,3140
,,,,,2,women,3665,3569,3526,3492,3553,3543,3554,3561,3592
,,,,,4,men and women,7074,6884,6671,6571,6791,6777,6728,6738,6732
,,,065-69,65-69 years,1,men,3483,3459,3369,3349,3367,3316,3250,3093,3036
,,,,,2,women,3808,3840,3824,3803,3810,3805,3699,3638,3611
,,,,,4,men and women,7291,7299,7193,7152,7177,7121,6949,6731,6647
,,,070-79,70-79 years,1,men,4372,4534,4843,5120,5566,5836,5879,6097,6184
,,,,,2,women,5883,5981,6290,6643,7019,7300,7453,7773,7848
,,,,,4,men and women,10255,10515,11133,11763,12585,13136,13332,13870,14032
,,,080+,80+ years,1,men,3050,3006,3001,3078,3124,3166,3206,3290,3329
,,,,,2,women,5618,5474,5455,5446,5530,5528,5577,5650,5702
,,,,,4,men and women,8668,8480,8456,8524,8654,8694,8783,8940,9031
,FBBO,multi-dwelling buildings -- tenant-owned,0-9,-9 years,1,men,49006,50725,52681,53838,54870,55695,56550,57625,57703
,,,,,2,women,46822,48716,50098,51102,52375,52863,53571,54708,54685
,,,,,4,men and women,95828,99441,102779,104940,107245,108558,110121,112333,112388
,,,010-19,10-19 years,1,men,31928,31841,32184,32819,33782,34965,36249,38070,39322
,,,,,2,women,31606,31395,31948,32492,33568,34778,36015,37554,38896
,,,,,4,men and women,63534,63236,64132,65311,67350,69743,72264,75624,78218
,,,020-29,20-29 years,1,men,96473,100108,104454,107398,109485,111296,112327,111892,109165
,,,,,2,women,91974,95978,100742,104208,107440,109168,110251,109100,106260
,,,,,4,men and women,188447,196086,205196,211606,216925,220464,222578,220992,215425
,,,030-39,30-39 years,1,men,84860,84823,85222,86105,87562,89625,92621,96421,99772
,,,,,2,women,67306,67621,67928,68667,70280,71937,74562,78024,80910
,,,,,4,men and women,152166,152444,153150,154772,157842,161562,167183,174445,180682
,,,040-49,40-49 years,1,men,60209,61253,62121,62143,61878,61431,61277,61699,61607
,,,,,2,women,54264,55104,55448,55222,54992,54415,54262,54706,54784
,,,,,4,men and women,114473,116357,117569,117365,116870,115846,115539,116405,116391
,,,050-59,50-59 years,1,men,58984,59827,61812,63389,64840,66176,66932,67936,68691
,,,,,2,women,64870,65398,67470,68964,70292,71238,72009,72426,72719
,,,,,4,men and women,123854,125225,129282,132353,135132,137414,138941,140362,141410
,,,060-64,60-64 years,1,men,33568,33240,33177,33003,33542,33591,33516,33654,33521
,,,,,2,women,40071,39408,38743,38272,38490,38371,37852,38068,37796
,,,,,4,men and women,73639,72648,71920,71275,72032,71962,71368,71722,71317
,,,065-69,65-69 years,1,men,37240,37938,37724,36973,36062,35463,34866,34466,33969
,,,,,2,women,47599,48054,47672,46461,44906,43541,42545,41539,40795
,,,,,4,men and women,84839,85992,85396,83434,80968,79004,77411,76005,74764
,,,070-79,70-79 years,1,men,49647,52763,56878,60299,63782,66445,69163,71514,73013
,,,,,2,women,71429,74825,79577,83724,87490,90680,93393,95703,97136
,,,,,4,men and women,121076,127588,136455,144023,151272,157125,162556,167217,170149
,,,080+,80+ years,1,men,34487,34482,34763,35145,35730,36501,37420,38691,39392
,,,,,2,women,63888,63313,63307,63132,63452,63814,64490,65861,66865
,,,,,4,men and women,98375,97795,98070,98277,99182,100315,101910,104552,106257
,FBHY0,multi-dwelling buildings -- rented,0-9,-9 years,1,men,74305,76382,77895,78766,79024,78998,78025,76457,74498
,,,,,2,women,70810,72467,73785,74688,74866,74568,73732,72139,70178
,,,,,4,men and women,145115,148849,151680,153454,153890,153566,151757,148596,144676
,,,010-19,10-19 years,1,men,57758,55895,54677,53786,53357,53782,54570,55534,56614
,,,,,2,women,57836,55893,54231,53224,52555,52988,53584,54527,55784
,,,,,4,men and women,115594,111788,108908,107010,105912,106770,108154,110061,112398
,,,020-29,20-29 years,1,men,160799,161129,160770,158709,154720,150030,144673,139448,133684
,,,,,2,women,163016,164508,164105,161141,156862,151229,145310,140238,135249
,,,,,4,men and women,323815,325637,324875,319850,311582,301259,289983,279686,268933
,,,030-39,30-39 years,1,men,98385,98145,98413,98777,100098,101230,103986,106980,110867
,,,,,2,women,85744,85647,86089,86917,88111,90295,92895,95903,99060
,,,,,4,men and women,184129,183792,184502,185694,188209,191525,196881,202883,209927
,,,040-49,40-49 years,1,men,80233,79304,78049,76339,74142,72318,70699,70354,69986
,,,,,2,women,82310,80967,79181,76701,73926,71415,69570,68731,68245
,,,,,4,men and women,162543,160271,157230,153040,148068,143733,140269,139085,138231
,,,050-59,50-59 years,1,men,73877,74182,75680,77028,77525,78132,77933,77010,76545
,,,,,2,women,81402,81817,83544,84893,85654,86125,85788,84868,83959
,,,,,4,men and women,155279,155999,159224,161921,163179,164257,163721,161878,160504
,,,060-64,60-64 years,1,men,36804,36040,35509,35535,35614,35387,35071,34997,34677
,,,,,2,women,42593,41165,40504,40526,40532,40555,40480,40357,40009
,,,,,4,men and women,79397,77205,76013,76061,76146,75942,75551,75354,74686
,,,065-69,65-69 years,1,men,36823,37091,36803,36293,35490,34728,34031,33313,33255
,,,,,2,women,46529,46756,46023,44977,43718,42548,41240,40522,40502
,,,,,4,men and women,83352,83847,82826,81270,79208,77276,75271,73835,73757
,,,070-79,70-79 years,1,men,48115,49823,52376,54917,56855,59068,60741,62146,62911
,,,,,2,women,74050,75518,78321,81145,83193,85344,87170,88120,88678
,,,,,4,men and women,122165,125341,130697,136062,140048,144412,147911,150266,151589
,,,080+,80+ years,1,men,35698,35123,34774,34543,34332,34092,34175,34661,34817
,,,,,2,women,76769,74880,73637,72051,70733,69409,68660,68679,68674
,,,,,4,men and women,112467,110003,108411,106594,105065,103501,102835,103340,103491
,SPBO,special housing,0-9,-9 years,1,men,454,469,498,514,561,552,579,489,502
,,,,,2,women,419,456,472,494,552,581,592,549,537
,,,,,4,men and women,873,925,970,1008,1113,1133,1171,1038,1039
,,,010-19,10-19 years,1,men,1213,1144,1149,988,1048,1004,997,991,1282
,,,,,2,women,1076,1074,1010,926,945,868,940,963,1228
,,,,,4,men and women,2289,2218,2159,1914,1993,1872,1937,1954,2510
,,,020-29,20-29 years,1,men,25370,26113,26634,27008,27320,26893,26559,25913,26321
,,,,,2,women,22265,22800,23563,24020,24548,24407,23899,23524,24064
,,,,,4,men and women,47635,48913,50197,51028,51868,51300,50458,49437,50385
,,,030-39,30-39 years,1,men,2798,2894,3077,3192,3444,3691,3960,4101,4315
,,,,,2,women,1589,1678,1818,1941,2096,2252,2377,2492,2654
,,,,,4,men and women,4387,4572,4895,5133,5540,5943,6337,6593,6969
,,,040-49,40-49 years,1,men,1911,1883,1895,1868,1860,1847,1807,1825,1902
,,,,,2,women,1313,1314,1318,1340,1355,1338,1292,1325,1332
,,,,,4,men and women,3224,3197,3213,3208,3215,3185,3099,3150,3234
,,,050-59,50-59 years,1,men,2344,2393,2446,2455,2534,2575,2551,2531,2546
,,,,,2,women,1521,1567,1645,1723,1746,1753,1791,1759,1801
,,,,,4,men and women,3865,3960,4091,4178,4280,4328,4342,4290,4347
,,,060-64,60-64 years,1,men,1384,1429,1485,1531,1571,1523,1470,1506,1473
,,,,,2,women,969,977,1004,1036,1079,1086,1116,1117,1037
,,,,,4,men and women,2353,2406,2489,2567,2650,2609,2586,2623,2510
,,,065-69,65-69 years,1,men,1716,1837,1981,1958,1941,1897,1890,1911,1920
,,,,,2,women,1366,1476,1583,1568,1505,1481,1457,1414,1463
,,,,,4,men and women,3082,3313,3564,3526,3446,3378,3347,3325,3383
,,,070-79,70-79 years,1,men,3998,4278,4709,5235,5541,5764,5891,6095,6107
,,,,,2,women,5362,5695,6190,6606,6854,7045,6976,7141,7269
,,,,,4,men and women,9360,9973,10899,11841,12395,12809,12867,13236,13376
,,,080+,80+ years,1,men,11044,11281,11799,12128,12409,11846,11532,11479,10870
,,,,,2,women,33519,33847,34823,35298,35154,33883,32571,31805,30094
,,,,,4,men and women,44563,45128,46622,47426,47563,45729,44103,43284,40964
,OB,other housing,0-9,-9 years,1,men,4003,4177,4240,4096,4088,3987,3970,3893,3744
,,,,,2,women,3686,3862,3833,3800,3882,3809,3826,3756,3595
,,,,,4,men and women,7689,8039,8073,7896,7970,7796,7796,7649,7339
,,,010-19,10-19 years,1,men,3224,3262,3270,3208,3363,3354,3386,3434,3393
,,,,,2,women,3340,3303,3226,3178,3193,3224,3257,3323,3348
,,,,,4,men and women,6564,6565,6496,6386,6556,6578,6643,6757,6741
,,,020-29,20-29 years,1,men,8245,8625,8569,8429,8125,7824,7746,7431,7157
,,,,,2,women,7900,8315,8445,8316,7999,7844,7596,7166,6902
,,,,,4,men and women,16145,16940,17014,16745,16124,15668,15342,14597,14059
,,,030-39,30-39 years,1,men,5335,5464,5351,5301,5479,5483,5654,5714,5764
,,,,,2,women,4400,4520,4505,4373,4459,4554,4733,4815,4900
,,,,,4,men and women,9735,9984,9856,9674,9938,10037,10387,10529,10664
,,,040-49,40-49 years,1,men,4900,4975,4885,4736,4638,4465,4392,4276,4096
,,,,,2,women,4599,4699,4591,4387,4407,4237,4046,3972,3926
,,,,,4,men and women,9499,9674,9476,9123,9045,8702,8438,8248,8022
,,,050-59,50-59 years,1,men,4811,4942,5034,5100,5116,5177,5124,5031,4980
,,,,,2,women,4908,4980,5064,5101,5170,5213,5148,5090,4944
,,,,,4,men and women,9719,9922,10098,10201,10286,10390,10272,10121,9924
,,,060-64,60-64 years,1,men,2591,2546,2530,2459,2461,2376,2346,2300,2288
,,,,,2,women,2541,2531,2476,2488,2464,2446,2385,2343,2235
,,,,,4,men and women,5132,5077,5006,4947,4925,4822,4731,4643,4523
,,,065-69,65-69 years,1,men,2618,2662,2650,2541,2447,2411,2329,2285,2206
,,,,,2,women,2870,2794,2727,2655,2628,2524,2409,2313,2247
,,,,,4,men and women,5488,5456,5377,5196,5075,4935,4738,4598,4453
,,,070-79,70-79 years,1,men,3588,3758,3925,4007,4215,4276,4369,4387,4380
,,,,,2,women,4948,5189,5366,5317,5459,5463,5491,5517,5407
,,,,,4,men and women,8536,8947,9291,9324,9674,9739,9860,9904,9787
,,,080+,80+ years,1,men,3112,3142,3084,3009,2964,2871,2830,2785,2691
,,,,,2,women,6303,6320,6140,5971,5878,5682,5406,5353,5128
,,,,,4,men and women,9415,9462,9224,8980,8842,8553,8236,8138,7819
